-- phpMyAdmin SQL Dump
-- version 5.2.0
-- https://www.phpmyadmin.net/
--
-- Host: 127.0.0.1
-- Generation Time: Jan 12, 2023 at 04:16 PM
-- Server version: 10.4.27-MariaDB
-- PHP Version: 8.1.12

SET SQL_MODE = "NO_AUTO_VALUE_ON_ZERO";
START TRANSACTION;
SET time_zone = "+00:00";


/*!40101 SET @OLD_CHARACTER_SET_CLIENT=@@CHARACTER_SET_CLIENT */;
/*!40101 SET @OLD_CHARACTER_SET_RESULTS=@@CHARACTER_SET_RESULTS */;
/*!40101 SET @OLD_COLLATION_CONNECTION=@@COLLATION_CONNECTION */;
/*!40101 SET NAMES utf8mb4 */;

--
-- Database: `onlineshop`
--

DELIMITER $$
--
-- Procedures
--
CREATE DEFINER=`root`@`localhost` PROCEDURE `getcat` (IN `cid` INT)   SELECT * FROM categories WHERE cat_id=cid$$

DELIMITER ;

-- --------------------------------------------------------

--
-- Table structure for table `admin_info`
--

CREATE TABLE `admin_info` (
  `admin_id` int(10) NOT NULL,
  `admin_name` varchar(100) NOT NULL,
  `admin_email` varchar(300) NOT NULL,
  `admin_password` varchar(300) NOT NULL
) ENGINE=InnoDB DEFAULT CHARSET=latin1 COLLATE=latin1_swedish_ci;

--
-- Dumping data for table `admin_info`
--

INSERT INTO `admin_info` (`admin_id`, `admin_name`, `admin_email`, `admin_password`) VALUES
(1, 'admin', 'admin@gmail.com', '25f9e794323b453885f5181f1b624d0b'),
(2, 'Minahil', 'mini123@gmail.com', 'e10adc3949ba59abbe56e057f20f883e');

-- --------------------------------------------------------

--
-- Table structure for table `brands`
--

CREATE TABLE `brands` (
  `brand_id` int(100) NOT NULL,
  `brand_title` text NOT NULL
) ENGINE=InnoDB DEFAULT CHARSET=latin1 COLLATE=latin1_swedish_ci;

--
-- Dumping data for table `brands`
--

INSERT INTO `brands` (`brand_id`, `brand_title`) VALUES
(1, 'HP'),
(2, 'Samsung'),
(3, 'Apple'),
(4, 'motorolla'),
(5, 'LG'),
(6, 'Cloth Brand'),
(7, 'interwood');

-- --------------------------------------------------------

--
-- Table structure for table `cart`
--

CREATE TABLE `cart` (
  `id` int(10) NOT NULL,
  `p_id` int(10) NOT NULL,
  `ip_add` varchar(250) NOT NULL,
  `user_id` int(10) DEFAULT NULL,
  `qty` int(10) NOT NULL
) ENGINE=InnoDB DEFAULT CHARSET=latin1 COLLATE=latin1_swedish_ci;

--
-- Dumping data for table `cart`
--

INSERT INTO `cart` (`id`, `p_id`, `ip_add`, `user_id`, `qty`) VALUES
(6, 26, '::1', 4, 1),
(9, 10, '::1', 7, 1),
(10, 11, '::1', 7, 1),
(11, 45, '::1', 7, 1),
(44, 5, '::1', 3, 0),
(46, 2, '::1', 3, 0),
(48, 72, '::1', 3, 0),
(49, 60, '::1', 8, 1),
(50, 61, '::1', 8, 1),
(51, 1, '::1', 8, 1),
(52, 5, '::1', 9, 1),
(53, 2, '::1', 14, 1),
(54, 3, '::1', 14, 1),
(55, 5, '::1', 14, 1),
(56, 1, '::1', 9, 1),
(57, 2, '::1', 9, 1),
(71, 61, '127.0.0.1', -1, 1),
(148, 61, '::1', 32, 1),
(161, 7, '::1', 26, 1),
(162, 17, '::1', 26, 1),
(163, 72, '::1', 32, 1),
(173, 71, '::1', 32, 1),
(179, 71, '::1', 29, 1),
(184, 71, '::1', -1, 1),
(185, 73, '::1', 34, 1);

-- --------------------------------------------------------

--
-- Table structure for table `categories`
--

CREATE TABLE `categories` (
  `cat_id` int(100) NOT NULL,
  `cat_title` text NOT NULL
) ENGINE=InnoDB DEFAULT CHARSET=latin1 COLLATE=latin1_swedish_ci;

--
-- Dumping data for table `categories`
--

INSERT INTO `categories` (`cat_id`, `cat_title`) VALUES
(1, 'Electronics'),
(2, 'Ladies Wears'),
(3, 'Mens Wear'),
(4, 'Kids Wear'),
(5, 'Furnitures'),
(6, 'Home Appliances'),
(7, 'Electronics Gadgets');

-- --------------------------------------------------------

--
-- Table structure for table `email_info`
--

CREATE TABLE `email_info` (
  `email_id` int(100) NOT NULL,
  `email` text NOT NULL
) ENGINE=InnoDB DEFAULT CHARSET=latin1 COLLATE=latin1_swedish_ci;

--
-- Dumping data for table `email_info`
--

INSERT INTO `email_info` (`email_id`, `email`) VALUES
(11, 'aimen123@gmail.com');

-- --------------------------------------------------------

--
-- Table structure for table `orders`
--

CREATE TABLE `orders` (
  `order_id` int(11) NOT NULL,
  `user_id` int(11) NOT NULL,
  `product_id` int(11) NOT NULL,
  `qty` int(11) NOT NULL,
  `trx_id` varchar(255) NOT NULL,
  `p_status` varchar(20) NOT NULL
) ENGINE=InnoDB DEFAULT CHARSET=latin1 COLLATE=latin1_swedish_ci;

-- --------------------------------------------------------

--
-- Table structure for table `orders_info`
--

CREATE TABLE `orders_info` (
  `order_id` int(10) NOT NULL,
  `user_id` int(11) NOT NULL,
  `f_name` varchar(255) NOT NULL,
  `email` varchar(255) NOT NULL,
  `address` varchar(255) NOT NULL,
  `city` varchar(255) NOT NULL,
  `state` varchar(255) NOT NULL,
  `zip` int(10) NOT NULL,
  `cardname` varchar(255) NOT NULL,
  `cardnumber` varchar(20) NOT NULL,
  `expdate` varchar(255) NOT NULL,
  `prod_count` int(15) DEFAULT NULL,
  `total_amt` int(15) DEFAULT NULL,
  `cvv` int(5) NOT NULL
) ENGINE=InnoDB DEFAULT CHARSET=latin1 COLLATE=latin1_swedish_ci;

--
-- Dumping data for table `orders_info`
--

INSERT INTO `orders_info` (`order_id`, `user_id`, `f_name`, `email`, `address`, `city`, `state`, `zip`, `cardname`, `cardnumber`, `expdate`, `prod_count`, `total_amt`, `cvv`) VALUES
(1, 35, 'Husnain Iqbal', 'husnain123@gmail.com', 'DHA Phase 4 lane 2', 'Lahore', 'punjab', 324678, 'husnain iqbal', '4155279860457201', '12/24', 3, 33100, 1256),
(2, 34, 'Aimen  Shahid', 'aimen123@gmail.com', 'house no 23 lane 4 muree road isb', 'Islamabad', 'punjab', 324678, 'aimen shahid', '4155279860457201', '12/28', 1, 1000, 1267);

-- --------------------------------------------------------

--
-- Table structure for table `order_products`
--

CREATE TABLE `order_products` (
  `order_pro_id` int(10) NOT NULL,
  `order_id` int(11) NOT NULL,
  `product_id` int(11) NOT NULL,
  `qty` int(15) DEFAULT NULL,
  `amt` int(15) DEFAULT NULL
) ENGINE=InnoDB DEFAULT CHARSET=latin1 COLLATE=latin1_swedish_ci;

--
-- Dumping data for table `order_products`
--

INSERT INTO `order_products` (`order_pro_id`, `order_id`, `product_id`, `qty`, `amt`) VALUES
(121, 1, 3, 1, 30000),
(122, 1, 39, 1, 2500),
(123, 1, 16, 1, 600),
(124, 2, 10, 1, 1000);

-- --------------------------------------------------------

--
-- Table structure for table `products`
--

CREATE TABLE `products` (
  `product_id` int(100) NOT NULL,
  `product_cat` int(100) NOT NULL,
  `product_brand` int(100) NOT NULL,
  `product_title` varchar(255) NOT NULL,
  `product_price` int(100) NOT NULL,
  `product_desc` text NOT NULL,
  `product_image` text NOT NULL,
  `product_keywords` text NOT NULL
) ENGINE=InnoDB DEFAULT CHARSET=latin1 COLLATE=latin1_swedish_ci;

--
-- Dumping data for table `products`
--

INSERT INTO `products` (`product_id`, `product_cat`, `product_brand`, `product_title`, `product_price`, `product_desc`, `product_image`, `product_keywords`) VALUES
(1, 1, 2, 'Samsung galaxy s7 edge', 5000, 'Samsung galaxy s7 edge', 'product07.png', 'samsung mobile electronics'),
(2, 1, 3, 'iPhone 5s', 25000, 'iphone 5s', 'http___pluspng.com_img-png_iphone-hd-png-iphone-apple-png-file-550.png', 'mobile iphone apple'),
(3, 1, 3, 'iPad air 2', 30000, 'ipad apple brand', 'da4371ffa192a115f922b1c0dff88193.png', 'apple ipad tablet'),
(4, 1, 3, 'iPhone 6s', 32000, 'Apple iPhone ', 'http___pluspng.com_img-png_iphone-6s-png-iphone-6s-gold-64gb-1000.png', 'iphone apple mobile'),
(5, 1, 2, 'iPad 2', 10000, 'samsung ipad', 'iPad-air.png', 'ipad tablet samsung'),
(6, 1, 1, 'samsung Laptop r series', 35000, 'samsung Black combination Laptop', 'laptop_PNG5939.png', 'samsung laptop '),
(7, 1, 1, 'Laptop Pavillion', 50000, 'Laptop Hp Pavillion', 'laptop_PNG5930.png', 'Laptop Hp Pavillion'),
(8, 1, 4, 'Sony', 40000, 'Sony Mobile', '530201353846AM_635_sony_xperia_z.png', 'sony mobile'),
(9, 1, 3, 'iPhone New', 12000, 'iphone', 'iphone-hd-png-iphone-apple-png-file-550.png', 'iphone apple mobile'),
(10, 2, 6, 'Red Ladies dress', 1000, 'red dress for girls', 'reddress.jpg', 'red dress '),
(12, 2, 6, 'Ladies yellow dress', 1500, 'ladies casual summer two colors pleted', 'p2.jfif', 'girl dress cloths casual'),
(13, 2, 6, 'outfitters white top', 1200, 'trendy tops for girls', 'l6.jfif', 'girl dress'),
(15, 2, 6, 'floral top', 1500, 'trendy floral tops by outfitters', 'l7.jfif', 'ladies wears dress girl'),
(16, 3, 6, 'Sweter for men', 600, '2012-Winter-Sweater-for-Men-for-better-outlook', '2012-Winter-Sweater-for-Men-for-better-outlook.jpg', 'black sweter cloth winter'),
(20, 3, 6, 'Mens Sweeter', 1600, 'jg', 'Winter-fashion-men-burst-sweater.png', 'sweeter gents '),
(21, 3, 6, 'T shirt', 800, 'ssds', 'IN-Mens-Apparel-Voodoo-Tiles-09._V333872612_.jpg', 'formal t shirt black'),
(22, 4, 6, 'kids hoodies outfitters', 1300, 'yello t shirt with pant', 'l4.jfif', 'kids yellow t shirt'),
(23, 4, 6, 'hop scotch kids top', 1900, 'sadsf', 'l3.jfif', 'formal kids wear dress'),
(24, 4, 6, 'ethnic kidswear', 1500, 'kids t shirt', 'l5.jfif', 'kids dress'),
(25, 4, 6, 'Yellow girls dress', 750, 'as', 'l2.jfif\r\n', 'yellow kids dress'),
(27, 4, 6, 'Formal look', 690, 'sd', 'image28.jpg', 'formal kids dress'),
(32, 5, 0, 'Book Shelf', 2500, 'book shelf', 's1.jfif', 'book shelf furniture'),
(33, 6, 2, 'Haier Refrigerator', 35000, 'Refrigerator', 's2.jfif', 'refrigerator samsung'),
(34, 6, 4, 'Emergency Light', 1000, 'Emergency Light', 'l1.jfif', 'emergency light'),
(36, 6, 5, 'Iron', 1500, 'gj', 'iron.JPG', 'iron'),
(39, 6, 5, 'Mixer Grinder', 2500, 'Mixer Grinder', 'singer-mixer-grinder-mg-46-medium_4bfa018096c25dec7ba0af40662856ef.jpg', 'Mixer Grinder'),
(40, 2, 6, 'Formal top', 3000, 'Formal girls dress', 'p3.jfif', 'ladies'),
(45, 1, 2, 'Samsung Galaxy Note 3', 10000, '0', 'samsung_galaxy_note3_note3neo.JPG', 'samsung galaxy Note 3 neo'),
(46, 1, 2, 'Samsung Galaxy Note 3', 10000, '', 'samsung_galaxy_note3_note3neo.JPG', 'samsung galxaxy note 3 neo'),
(48, 1, 7, 'Headphones', 250, 'Headphones', 'product05.png', 'Headphones Sony'),
(49, 1, 7, 'Headphones', 250, 'Headphones', 'product05.png', 'Headphones Sony'),
(50, 3, 6, 'boys shirts', 350, 'shirts', 'pm1.JPG', 'suit boys shirts'),
(51, 3, 6, 'boys shirts', 270, 'shirts', 'pm2.JPG', 'suit boys shirts'),
(52, 3, 6, 'boys shirts', 453, 'shirts', 'pm3.JPG', 'suit boys shirts'),
(53, 3, 6, 'boys shirts', 220, 'shirts', 'ms1.JPG', 'suit boys shirts'),
(54, 3, 6, 'boys shirts', 290, 'shirts', 'ms2.JPG', 'suit boys shirts'),
(55, 3, 6, 'boys shirts', 259, 'shirts', 'ms3.JPG', 'suit boys shirts'),
(56, 3, 6, 'boys shirts', 299, 'shirts', 'pm7.JPG', 'suit boys shirts'),
(57, 3, 6, 'boys shirts', 260, 'shirts', 'i3.JPG', 'suit boys shirts'),
(58, 3, 6, 'boys shirts', 350, 'shirts', 'pm9.JPG', 'suit boys shirts'),
(59, 3, 6, 'boys shirts', 855, 'shirts', 'a2.JPG', 'suit boys shirts'),
(60, 3, 6, 'boys shirts', 150, 'shirts', 'pm11.JPG', 'suit boys shirts'),
(61, 3, 6, 'boys shirts', 215, 'shirts', 'pm12.JPG', 'suit boys shirts'),
(62, 3, 6, 'boys shirts', 299, 'shirts', 'pm13.JPG', 'suit boys shirts'),
(63, 3, 6, 'boys Jeans Pant', 550, 'Pants', 'pt1.JPG', 'boys Jeans Pant'),
(64, 3, 6, 'boys Jeans Pant', 460, 'pants', 'pt2.JPG', 'boys Jeans Pant'),
(65, 3, 6, 'boys Jeans Pant', 470, 'pants', 'pt3.JPG', 'boys Jeans Pant'),
(66, 3, 6, 'boys Jeans Pant', 480, 'pants', 'pt4.JPG', 'boys Jeans Pant'),
(67, 3, 6, 'boys Jeans Pant', 360, 'pants', 'pt5.JPG', 'boys Jeans Pant'),
(68, 3, 6, 'boys Jeans Pant', 550, 'pants', 'pt6.JPG', 'boys Jeans Pant'),
(69, 3, 6, 'boys Jeans Pant', 390, 'pants', 'pt7.JPG', 'boys Jeans Pant'),
(70, 3, 6, 'boys Jeans Pant', 399, 'pants', 'pt8.JPG', 'boys Jeans Pant'),
(71, 1, 2, 'Samsung galaxy s7', 5000, 'Samsung galaxy s7', 'product07.png', 'samsung mobile electronics'),
(72, 7, 2, 'sony Headphones', 3500, 'sony Headphones', 'product02.png', 'sony Headphones electronics gadgets'),
(73, 7, 2, 'samsung Headphones', 3500, 'samsung Headphones', 'product05.png', 'samsung Headphones electronics gadgets'),
(74, 1, 1, 'HP i5 laptop', 5500, 'HP i5 laptop', 'product01.png', 'HP i5 laptop electronics'),
(75, 1, 1, 'HP i7 laptop 8gb ram', 5500, 'HP i7 laptop 8gb ram', 'product03.png', 'HP i7 laptop 8gb ram electronics'),
(76, 1, 5, 'sony note 6gb ram', 4500, 'sony note 6gb ram', 'product04.png', 'sony note 6gb ram mobile electronics'),
(77, 1, 4, 'MSV laptop 16gb ram NVIDEA Graphics', 5499, 'MSV laptop 16gb ram', 'product06.png', 'MSV laptop 16gb ram NVIDEA Graphics electronics'),
(78, 1, 5, 'dell laptop 8gb ram intel integerated Graphics', 4579, 'dell laptop 8gb ram intel integerated Graphics', 'product08.png', 'dell laptop 8gb ram intel integerated Graphics electronics'),
(79, 7, 2, 'Apple airpods', 2569, 'airpods with high quality audio defination', 's3.jfif', 'airpods'),
(83, 2, 6, 'Batik purple Embrioded dress', 7000, 'eastern embroided suit with chiffon duppata', 'b4.jfif', 'ladies wear'),
(84, 2, 6, 'Pink enchanter', 5000, 'pink chiffon with heavy embriodery', 'b2.jfif', 'ladies wear'),
(87, 2, 6, 'printed floral coat', 3000, 'printed floral coat with inner', 'b8.jfif', 'ladies wear'),
(88, 6, 2, 'Haier Automatic washing machine', 50000, 'automatic cloth washer ', 'h1.jfif', 'washing machine'),
(89, 6, 2, 'Prestidge Chopper', 850, 'chopper blender', 'a1.jfif', 'chopper'),
(90, 5, 7, 'Interwood dressing table', 20000, 'wood furniture', 'w2.jfif', 'wood'),
(91, 5, 7, 'Interwood table', 1000, 'high quality timber wood table', 'w3.jfif', 'wood');

-- --------------------------------------------------------

--
-- Table structure for table `reviews`
--

CREATE TABLE `reviews` (
  `name` varchar(100) NOT NULL,
  `email` varchar(300) NOT NULL,
  `u_review` varchar(300) NOT NULL,
  `prod_id` int(100) NOT NULL
) ENGINE=InnoDB DEFAULT CHARSET=utf8mb4 COLLATE=utf8mb4_general_ci;

--
-- Dumping data for table `reviews`
--

INSERT INTO `reviews` (`name`, `email`, `u_review`, `prod_id`) VALUES
('Minahil', 'minahil1fayyaz@gmail.com', 'good experience', 70),
('husnain', 'husnain123@gmail.com', 'awesome stuff', 16);

-- --------------------------------------------------------

--
-- Table structure for table `user_info`
--

CREATE TABLE `user_info` (
  `user_id` int(10) NOT NULL,
  `first_name` varchar(100) NOT NULL,
  `last_name` varchar(100) NOT NULL,
  `email` varchar(300) NOT NULL,
  `password` varchar(300) NOT NULL,
  `mobile` varchar(10) NOT NULL,
  `address1` varchar(300) NOT NULL,
  `address2` varchar(11) NOT NULL
) ENGINE=InnoDB DEFAULT CHARSET=latin1 COLLATE=latin1_swedish_ci;

--
-- Dumping data for table `user_info`
--

INSERT INTO `user_info` (`user_id`, `first_name`, `last_name`, `email`, `password`, `mobile`, `address1`, `address2`) VALUES
(34, 'Aimen ', 'Shahid', 'aimen123@gmail.com', '12345678$', '3025167098', 'house no 23 lane 4 muree road isb', 'Islamabad'),
(35, 'Husnain', 'Iqbal', 'husnain123@gmail.com', '12345iqbal', '3355584205', 'DHA Phase 4 lane 2', 'Lahore');

--
-- Triggers `user_info`
--
DELIMITER $$
CREATE TRIGGER `after_user_info_insert` AFTER INSERT ON `user_info` FOR EACH ROW BEGIN 
INSERT INTO user_info_backup VALUES(new.user_id,new.first_name,new.last_name,new.email,new.password,new.mobile,new.address1,new.address2);
END
$$
DELIMITER ;

-- --------------------------------------------------------

--
-- Table structure for table `user_info_backup`
--

CREATE TABLE `user_info_backup` (
  `user_id` int(10) NOT NULL,
  `first_name` varchar(100) NOT NULL,
  `last_name` varchar(100) NOT NULL,
  `email` varchar(300) NOT NULL,
  `password` varchar(300) NOT NULL,
  `mobile` varchar(10) NOT NULL,
  `address1` varchar(300) NOT NULL,
  `address2` varchar(11) NOT NULL
) ENGINE=InnoDB DEFAULT CHARSET=latin1 COLLATE=latin1_swedish_ci;

--
-- Dumping data for table `user_info_backup`
--

INSERT INTO `user_info_backup` (`user_id`, `first_name`, `last_name`, `email`, `password`, `mobile`, `address1`, `address2`) VALUES
(32, 'kainat', 'mudassar', 'kainatmudassar01@gmail.com', '123456789', '3025167098', 'house no 68 street 4 airport housing society rwp', 'rawalpindi'),
(33, 'Minahil', 'Fatima', 'minahil1fayyaz@gmail.com', '123456789', '3355584201', 'house no 68 street 4 airport housing society rwp', 'Rawalpindi'),
(34, 'Aimen ', 'Shahid', 'aimen123@gmail.com', '12345678$', '3025167098', 'house no 23 lane 4 muree road isb', 'Islamabad'),
(35, 'Husnain', 'Iqbal', 'husnain123@gmail.com', '12345iqbal', '3355584205', 'DHA Phase 4 lane 2', 'Lahore');

--
-- Indexes for dumped tables
--

--
-- Indexes for table `admin_info`
--
ALTER TABLE `admin_info`
  ADD PRIMARY KEY (`admin_id`);

--
-- Indexes for table `brands`
--
ALTER TABLE `brands`
  ADD PRIMARY KEY (`brand_id`);

--
-- Indexes for table `cart`
--
ALTER TABLE `cart`
  ADD PRIMARY KEY (`id`);

--
-- Indexes for table `categories`
--
ALTER TABLE `categories`
  ADD PRIMARY KEY (`cat_id`);

--
-- Indexes for table `email_info`
--
ALTER TABLE `email_info`
  ADD PRIMARY KEY (`email_id`);

--
-- Indexes for table `orders`
--
ALTER TABLE `orders`
  ADD PRIMARY KEY (`order_id`);

--
-- Indexes for table `orders_info`
--
ALTER TABLE `orders_info`
  ADD PRIMARY KEY (`order_id`),
  ADD KEY `user_id` (`user_id`);

--
-- Indexes for table `order_products`
--
ALTER TABLE `order_products`
  ADD PRIMARY KEY (`order_pro_id`),
  ADD KEY `order_products` (`order_id`),
  ADD KEY `product_id` (`product_id`);

--
-- Indexes for table `products`
--
ALTER TABLE `products`
  ADD PRIMARY KEY (`product_id`);

--
-- Indexes for table `reviews`
--
ALTER TABLE `reviews`
  ADD KEY `prod_id` (`prod_id`);

--
-- Indexes for table `user_info`
--
ALTER TABLE `user_info`
  ADD PRIMARY KEY (`user_id`);

--
-- AUTO_INCREMENT for dumped tables
--

--
-- AUTO_INCREMENT for table `admin_info`
--
ALTER TABLE `admin_info`
  MODIFY `admin_id` int(10) NOT NULL AUTO_INCREMENT, AUTO_INCREMENT=4;

--
-- AUTO_INCREMENT for table `brands`
--
ALTER TABLE `brands`
  MODIFY `brand_id` int(100) NOT NULL AUTO_INCREMENT, AUTO_INCREMENT=8;

--
-- AUTO_INCREMENT for table `cart`
--
ALTER TABLE `cart`
  MODIFY `id` int(10) NOT NULL AUTO_INCREMENT, AUTO_INCREMENT=186;

--
-- AUTO_INCREMENT for table `categories`
--
ALTER TABLE `categories`
  MODIFY `cat_id` int(100) NOT NULL AUTO_INCREMENT, AUTO_INCREMENT=8;

--
-- AUTO_INCREMENT for table `email_info`
--
ALTER TABLE `email_info`
  MODIFY `email_id` int(100) NOT NULL AUTO_INCREMENT, AUTO_INCREMENT=12;

--
-- AUTO_INCREMENT for table `orders`
--
ALTER TABLE `orders`
  MODIFY `order_id` int(11) NOT NULL AUTO_INCREMENT, AUTO_INCREMENT=3;

--
-- AUTO_INCREMENT for table `orders_info`
--
ALTER TABLE `orders_info`
  MODIFY `order_id` int(10) NOT NULL AUTO_INCREMENT, AUTO_INCREMENT=16;

--
-- AUTO_INCREMENT for table `order_products`
--
ALTER TABLE `order_products`
  MODIFY `order_pro_id` int(10) NOT NULL AUTO_INCREMENT, AUTO_INCREMENT=125;

--
-- AUTO_INCREMENT for table `products`
--
ALTER TABLE `products`
  MODIFY `product_id` int(100) NOT NULL AUTO_INCREMENT, AUTO_INCREMENT=92;

--
-- AUTO_INCREMENT for table `user_info`
--
ALTER TABLE `user_info`
  MODIFY `user_id` int(10) NOT NULL AUTO_INCREMENT, AUTO_INCREMENT=36;

--
-- Constraints for dumped tables
--

--
-- Constraints for table `orders_info`
--
ALTER TABLE `orders_info`
  ADD CONSTRAINT `user_id` FOREIGN KEY (`user_id`) REFERENCES `user_info` (`user_id`);

--
-- Constraints for table `order_products`
--
ALTER TABLE `order_products`
  ADD CONSTRAINT `order_products` FOREIGN KEY (`order_id`) REFERENCES `orders_info` (`order_id`) ON DELETE NO ACTION ON UPDATE CASCADE,
  ADD CONSTRAINT `product_id` FOREIGN KEY (`product_id`) REFERENCES `products` (`product_id`);

--
-- Constraints for table `reviews`
--
ALTER TABLE `reviews`
  ADD CONSTRAINT `reviews_ibfk_1` FOREIGN KEY (`prod_id`) REFERENCES `products` (`product_id`);
COMMIT;

/*!40101 SET CHARACTER_SET_CLIENT=@OLD_CHARACTER_SET_CLIENT */;
/*!40101 SET CHARACTER_SET_RESULTS=@OLD_CHARACTER_SET_RESULTS */;
/*!40101 SET COLLATION_CONNECTION=@OLD_COLLATION_CONNECTION */;
